{
  "accuracy": 1.0,
  "accuracy_ablated": 0.23083333333333333,
  "bits": 2.0,
  "bits_ablated": 0.00945022680765976,
  "ceiling": 2.0
}