{
  "rule": {
    "mu_g": 0.14722349971752605,
    "sigma_g": 0.017342457818333098,
    "mu_k": 0.664817383819986,
    "sigma_k": 0.19098660708295007,
    "R": 13.0,
    "dt": 0.1
  },
  "survivor": {
    "life": 900.0,
    "gamma": 6.0,
    "sense": 18.0
  },
  "regime": {
    "decay": 0.012,
    "feed": 0.06,
    "energy0": 1.3,
    "spawn": 85,
    "tmax": 900
  },
  "lifetimes": {
    "evolved": 831.5,
    "ablated": 158.16666666666666,
    "random": 298.9166666666667
  },
  "test_seeds": [
    100,
    101,
    102,
    103,
    104,
    105,
    106,
    107,
    108,
    109,
    110,
    111
  ]
}