{
  "rule": {
    "mu_g": 0.14722349971752605,
    "sigma_g": 0.017342457818333098,
    "mu_k": 0.664817383819986,
    "sigma_k": 0.19098660708295007,
    "R": 13.0,
    "dt": 0.1
  },
  "forager": {
    "score": 0.8355595375655808,
    "gamma": 7.0,
    "sense": 12.0
  },
  "agency": {
    "evolved": 0.8496896673880704,
    "ablated": 0.17928991894857993,
    "random": 0.18113781524966427
  },
  "test_seeds": [
    100,
    101,
    102,
    103,
    104,
    105,
    106,
    107,
    108,
    109,
    110,
    111,
    112,
    113,
    114,
    115
  ]
}