{
  "rule": {
    "mu_g": 0.14722349971752605,
    "sigma_g": 0.017342457818333098,
    "mu_k": 0.664817383819986,
    "sigma_k": 0.19098660708295007,
    "R": 13.0,
    "dt": 0.1
  },
  "patch": [
    [
      0.3619630579752939,
      0.261835361255607,
      0.15784713429897806,
      0.20578065780139376,
      0.23225686445960725,
      0.3316796361874931,
      0.41400605643703886,
      0.5369460847363142,
      0.5927787048265774,
      0.5640827953328611
    ],
    [
      0.4038745995702795,
      0.2289097338820061,
      0.2677102344335432,
      0.1363801206057103,
      0.2340085822004036,
      0.2159188507763682,
      0.2786157139612491,
      0.4121113280179056,
      0.4966991065285492,
      0.43879511704057206
    ],
    [
      0.38879627175012277,
      0.3788493081544695,
      0.1650672775124319,
      0.25213306289082477,
      0.18253048807888697,
      0.22828195452505193,
      0.3147315392853156,
      0.44777915109780886,
      0.5631602176666965,
      0.527082339443195
    ],
    [
      0.48448707772501054,
      0.23890683057014317,
      0.2759284222087609,
      0.19929133811422417,
      0.31739290423169764,
      0.3170400134834444,
      0.35957203698691337,
      0.6134358849959085,
      0.5513784909863111,
      0.5634269991719723
    ],
    [
      0.4382620120509603,
      0.30996007396122605,
      0.1788023165030834,
      0.26096184331710476,
      0.3383567640830105,
      0.3310927356534457,
      0.5037526593748777,
      0.4888492699620798,
      0.6519037248021599,
      0.5447917251103636
    ],
    [
      0.47873028858404443,
      0.2599292382060946,
      0.1909864287861406,
      0.24136057339708997,
      0.32754456624772327,
      0.5645139518439823,
      0.5590034134292213,
      0.7769639349811381,
      0.7096460786733008,
      0.7524376123426437
    ],
    [
      0.560390043686814,
      0.3015237091659762,
      0.21051496233657083,
      0.25916987379225176,
      0.4626253553152064,
      0.6032637040233855,
      0.86162704951206,
      0.8967087764078354,
      0.9894109442049432,
      0.7576213827106447
    ],
    [
      0.47632198952611426,
      0.3185297175346741,
      0.2677764890666599,
      0.32021789104041354,
      0.42467896053666626,
      0.6987066193121948,
      0.8478264307556755,
      0.9999999989240186,
      0.922492839987837,
      0.7688037146405806
    ],
    [
      0.5147492088214499,
      0.354506934708453,
      0.270535327100891,
      0.35510788531741566,
      0.4473115619152574,
      0.6208209221675884,
      0.825531104641694,
      0.9542711154739332,
      0.9159997434809927,
      0.7354838379160618
    ],
    [
      0.4991078637352827,
      0.2788170302900544,
      0.26631631034891323,
      0.2656204255742133,
      0.3717387543075731,
      0.5090193662852232,
      0.645209255206112,
      0.7389232759219193,
      0.8309598123367089,
      0.6773915085700468
    ]
  ],
  "search_fitness": 0.6494443457052702,
  "render_metrics": {
    "alive": true,
    "exploded": false,
    "dead": false,
    "mean_mass": 127.01833328783059,
    "mass_cv": 0.0021482941525911075,
    "support_fraction": 0.0132,
    "concentration": 0.9999999999999999,
    "gyration": 0.05065884300024196,
    "drift_speed": 0.17513939063760123,
    "osc_speed": 0.8216958717957523,
    "straightness": 0.21314381226503792,
    "centroid_speed": 0.17513939063760123,
    "travel_widths": 0.4074909822179864,
    "localized": 0.9736,
    "persistent": 0.9892585292370445,
    "locomotion": 0.35523968710839654,
    "score": 0.8569742755783494
  },
  "render_path_stats": {
    "net_widths": 3.781401850515125,
    "path_widths": 3.8230618981013396,
    "straightness": 0.9891029628336652
  },
  "trail": [
    {
      "gen": 0,
      "best_fit": 0.0,
      "best_travel": 0.0,
      "n_alive": 28,
      "n_move": 0
    },
    {
      "gen": 1,
      "best_fit": 0.1950990818578219,
      "best_travel": 0.0026705887948139206,
      "n_alive": 17,
      "n_move": 0
    },
    {
      "gen": 2,
      "best_fit": 0.1950990818578219,
      "best_travel": 0.0026705887948139206,
      "n_alive": 21,
      "n_move": 0
    },
    {
      "gen": 3,
      "best_fit": 0.1950990818578219,
      "best_travel": 0.0026705887948139206,
      "n_alive": 22,
      "n_move": 0
    },
    {
      "gen": 4,
      "best_fit": 0.1950990818578219,
      "best_travel": 0.0026705887948139206,
      "n_alive": 17,
      "n_move": 0
    },
    {
      "gen": 5,
      "best_fit": 0.19633196819482207,
      "best_travel": 0.002564364049297517,
      "n_alive": 21,
      "n_move": 0
    },
    {
      "gen": 6,
      "best_fit": 0.19633196819482207,
      "best_travel": 0.002564364049297517,
      "n_alive": 19,
      "n_move": 0
    },
    {
      "gen": 7,
      "best_fit": 0.19633196819482207,
      "best_travel": 0.002564364049297517,
      "n_alive": 19,
      "n_move": 0
    },
    {
      "gen": 8,
      "best_fit": 0.527000332507134,
      "best_travel": 0.6471421396506662,
      "n_alive": 23,
      "n_move": 1
    },
    {
      "gen": 9,
      "best_fit": 0.527000332507134,
      "best_travel": 0.6471421396506662,
      "n_alive": 27,
      "n_move": 1
    },
    {
      "gen": 10,
      "best_fit": 0.527000332507134,
      "best_travel": 0.6471421396506662,
      "n_alive": 27,
      "n_move": 2
    },
    {
      "gen": 11,
      "best_fit": 0.527000332507134,
      "best_travel": 0.6471421396506662,
      "n_alive": 18,
      "n_move": 2
    },
    {
      "gen": 12,
      "best_fit": 0.527000332507134,
      "best_travel": 0.6471421396506662,
      "n_alive": 19,
      "n_move": 5
    },
    {
      "gen": 13,
      "best_fit": 0.527000332507134,
      "best_travel": 0.6471421396506662,
      "n_alive": 21,
      "n_move": 4
    },
    {
      "gen": 14,
      "best_fit": 0.527000332507134,
      "best_travel": 0.6471421396506662,
      "n_alive": 21,
      "n_move": 6
    },
    {
      "gen": 15,
      "best_fit": 0.527000332507134,
      "best_travel": 0.6471421396506662,
      "n_alive": 26,
      "n_move": 10
    },
    {
      "gen": 16,
      "best_fit": 0.59608133007993,
      "best_travel": 0.5759504576532348,
      "n_alive": 29,
      "n_move": 12
    },
    {
      "gen": 17,
      "best_fit": 0.59608133007993,
      "best_travel": 0.5759504576532348,
      "n_alive": 28,
      "n_move": 9
    },
    {
      "gen": 18,
      "best_fit": 0.5969478190514762,
      "best_travel": 0.6341363101856783,
      "n_alive": 29,
      "n_move": 11
    },
    {
      "gen": 19,
      "best_fit": 0.629884425096225,
      "best_travel": 0.6100928023741174,
      "n_alive": 23,
      "n_move": 10
    },
    {
      "gen": 20,
      "best_fit": 0.629884425096225,
      "best_travel": 0.6100928023741174,
      "n_alive": 23,
      "n_move": 13
    },
    {
      "gen": 21,
      "best_fit": 0.629884425096225,
      "best_travel": 0.6100928023741174,
      "n_alive": 27,
      "n_move": 13
    },
    {
      "gen": 22,
      "best_fit": 0.629884425096225,
      "best_travel": 0.6100928023741174,
      "n_alive": 28,
      "n_move": 18
    },
    {
      "gen": 23,
      "best_fit": 0.629884425096225,
      "best_travel": 0.6100928023741174,
      "n_alive": 25,
      "n_move": 14
    },
    {
      "gen": 24,
      "best_fit": 0.629884425096225,
      "best_travel": 0.6100928023741174,
      "n_alive": 24,
      "n_move": 14
    },
    {
      "gen": 25,
      "best_fit": 0.629884425096225,
      "best_travel": 0.6100928023741174,
      "n_alive": 20,
      "n_move": 12
    },
    {
      "gen": 26,
      "best_fit": 0.629884425096225,
      "best_travel": 0.6100928023741174,
      "n_alive": 22,
      "n_move": 14
    },
    {
      "gen": 27,
      "best_fit": 0.629884425096225,
      "best_travel": 0.6100928023741174,
      "n_alive": 22,
      "n_move": 12
    },
    {
      "gen": 28,
      "best_fit": 0.629884425096225,
      "best_travel": 0.6100928023741174,
      "n_alive": 23,