{
  "sources": [
    [
      60,
      32
    ],
    [
      60,
      88
    ]
  ],
  "flip": 320,
  "T": 2560,
  "learner_accuracy": 0.8733461849911408,
  "ablated_accuracy": 0.48598040228562817
}