{
  "cumulative_final": 0.9243840061930295,
  "individual_final": 0.021866783146964885,
  "transmit_final": 0.0,
  "individual_artifact_quality": 0.021866783146964885
}