{"rule": {"mu_g": 0.22, "sigma_g": 0.03526684300841496, "mu_k": 0.411063603443976, "sigma_k": 0.15863215980925555, "R": 10.0}, "asym": 0.9198347512358591, "phi": 5.499018754459653, "patch": [[0.18041825792984026, 0.15787637421458126, 0.14459946512829508, 0.2459240126378715, 0.3535450939565902, 0.4744060315918038, 0.49629628632643347, 0.43777494374582726, 0.2770449618427705, 0.19446599141465148], [0.17419280162511774, 0.13442809619348958, 0.2572244203035875, 0.28027534282986716, 0.442086692020903, 0.6255972343259663, 0.714044202090888, 0.6356882150834983, 0.473239254948061, 0.2821561021157491], [0.3109941511084132, 0.3386082351011232, 0.330688256050054, 0.4546282990894236, 0.5226071221906912, 0.747845766098124, 0.8885898914279671, 0.8914072437009156, 0.7227376472580603, 0.4672122816998715], [0.45481134048488614, 0.36379475303742853, 0.48874282634167726, 0.4672644525844748, 0.6227925187715342, 0.845373088414504, 0.9760090754204699, 0.999999998908113, 0.8830557816803714, 0.6240628745871768], [0.5201638677645264, 0.5001698371410164, 0.45204771266624233, 0.5702302426156136, 0.6280873055038669, 0.8563101435488523, 0.9668022663185667, 0.9022089829631227, 0.7638251982581862, 0.6303505752743146], [0.4511649417815329, 0.40954491717838976, 0.5127577299138891, 0.4254860166178662, 0.6242931846452844, 0.7577778537857887, 0.8087620568848284, 0.6144011561614644, 0.4086710806304639, 0.40213329298416495], [0.3326539317207249, 0.3905399528282625, 0.3317231250718542, 0.4617513718003063, 0.48289159093754014, 0.6460527938332606, 0.6315011675951931, 0.4782227835074118, 0.18664269699478483, 0.19554314779590035], [0.22702362115626148, 0.24009388822581573, 0.3183920826457104, 0.33217714692044775, 0.4365492624231139, 0.48569153328557585, 0.7051754606974533, 0.40657009262225624, 0.2487617365890077, 0.18485088087356855], [0.22613171027294926, 0.21665207052594856, 0.22230593689651365, 0.286781888226485, 0.3637829392152, 0.5245518505107528, 0.5387817569499442, 0.5845804072733454, 0.21270778128044102, 0.20534224156030073], [0.1975391605428845, 0.17864783230474474, 0.18341595037543135, 0.2333256521722008, 0.3045409012064253, 0.37258765372156366, 0.5368080144700093, 0.2892925853681742, 0.24062510739917184, 0.17653770839164348]], "metrics": {"travel": 0.2113378535587241, "conc": 0.9999999999959215, "alive": 1.0}}