{
  "full_final": 0.005033384694400345,
  "bottleneck_final": 0.25891114535175686,
  "bottleneck_peak": 0.3814072932716021
}