{
  "T": 2600,
  "stable_learner_frac": 0.3888888888780865,
  "changing_learner_frac": 0.9999999999722223
}