{
  "regime": {
    "n_prey": 18,
    "n_pred": 6,
    "pred_eat": 0.24,
    "pred_feed": 2.3,
    "pred_decay": 0.03,
    "pred_e0": 1.3,
    "pred_repro": 2.4,
    "pred_cost": 1.5,
    "food_spawn": 15,
    "max_pred": 22,
    "max_prey": 55
  },
  "size": 150,
  "T": 1900,
  "prey_with_pred": 13.858,
  "prey_no_pred": 55.0,
  "evade_start": 7.035499322250782,
  "evade_end": 3.2498311557626693,
  "pursue_start": 9.943051547854582,
  "pursue_end": 10.181762954121972
}