{"rule": {"mu_g": 0.22, "sigma_g": 0.026534270240334792, "mu_k": 0.5061016588478972, "sigma_k": 0.13603352014266412}, "peaks": [0.9973194139765096, 0.1, 0.5332905745931953], "patch": [[[0.6294317335508728, 0.6026359279853352, 0.6285996623799879, 0.6903791307942883, 0.7388743941398347, 0.7442926691170956], [0.6313649951684518, 0.557782267921972, 0.6386111102084592, 0.683800990175434, 0.7115739005068085, 0.6512053675133502], [0.6599576789420847, 0.6187811270655956, 0.6494960283223496, 0.6980048367097791, 0.8112187729262254, 0.7407235932492418], [0.7516875994913796, 0.6785594990668998, 0.7109779416211504, 0.8304987967215767, 0.8723515919098794, 0.824057232885606], [0.6673824296712504, 0.6546395756658382, 0.6766407091313721, 0.7505415072140516, 0.8418274528776574, 0.9180102581381284], [0.7059879907405865, 0.5724632878083386, 0.599439089996388, 0.6413365558471689, 0.7767433661399873, 0.8085865035694005]], [[0.5898161505466136, 0.5715435244979377, 0.679676241323772, 0.697916275351908, 0.7147441139263848, 0.668409027269715], [0.6058361012505488, 0.5604265799117234, 0.6430397429819057, 0.6723914723360775, 0.663884254074247, 0.603551402259269], [0.6189725529350188, 0.6281998763060815, 0.6694664345136581, 0.7632495128040659, 0.711816631979671, 0.6615252529676068], [0.5820752462267467, 0.6633619996160333, 0.7292404604929034, 0.7589070692534102, 0.7291684783323907, 0.7357152384373105], [0.6592188873000187, 0.6387433136911126, 0.7363459137216875, 0.7283077860901017, 0.8291681488887559, 0.7075377043407222], [0.6429727347135551, 0.5879874764279628, 0.7163052433832112, 0.712653882445968, 0.7180646965564468, 0.8180434678179738]], [[0.7575013415184799, 0.6022389558730874, 0.7250972402401356, 0.7073884652317121, 0.6342825332416102, 0.6359619454158203], [0.6419632221400641, 0.6715849178671401, 0.6373534321911772, 0.665683424478094, 0.6459670906339091, 0.6763294850727734], [0.6855334257800764, 0.6206428882153381, 0.7003804665798847, 0.736678668634277, 0.7596641313583794, 0.6309531372683219], [0.6288784223014998, 0.6889689089948416, 0.7041019506306385, 0.7703907892620762, 0.8066712948704912, 0.686157493447926], [0.7069805617492083, 0.6872233479658441, 0.7849786940933131, 0.7910418159464264, 0.7008595936298874, 0.7707220735299364], [0.6548596052710988, 0.7685712522855107, 0.77705244548623, 0.7270017520450666, 0.7483892361946769, 0.7173412009770217]], [[0.669457310653516, 0.7377975780011646, 0.7417357135685939, 0.7498089383263146, 0.7177804679498666, 0.6798712718483286], [0.708227703141719, 0.5949797910793964, 0.6932112224335982, 0.6963566981357138, 0.6760438864374335, 0.5949787857337122], [0.5910263582313663, 0.6162821743556881, 0.6681110195165298, 0.7963774229836704, 0.7813030161861738, 0.6874033005666217], [0.7343571817009517, 0.619946854588639, 0.7530137973395299, 0.8570854659639499, 0.8311680871342172, 0.7493790118126216], [0.7214051926295149, 0.7790494517662538, 0.7926232054729312, 0.8432572195410863, 0.899144631346202, 0.7886833537011699], [0.8326187072707342, 0.7122268349648901, 0.7863323774250345, 0.8323596462933219, 0.7529487641774488, 0.6629673641468004]], [[0.7525347069484688, 0.7580594149302675, 0.846436103425531, 0.8948967251547176, 0.7816909554521105, 0.6525669798821963], [0.6436761014103928, 0.6656095920465704, 0.7836947982868007, 0.8241922957392351, 0.7633102302000226, 0.6646302618321717], [0.6788539521496754, 0.6135729852633366, 0.7758413310760344, 0.839522185613292, 0.8058124591750613, 0.7546595807303549], [0.7141153397534693, 0.647080813097708, 0.7784732558902606, 0.8901551924777327, 0.9281659532160941, 0.8027515338152463], [0.797034680465549, 0.7056603899081553, 0.8147180044289465, 0.953672869513776, 0.8819778479781809, 0.7829415027890592], [0.7282514696228256, 0.7635962553346294, 0.871141269355596, 0.8955310285383105, 0.8496895071710963, 0.7600947315802694]], [[0.7086384535617715, 0.6329232380025318, 0.7684385162845295, 0.797226907714241, 0.8416804495161989, 0.7451073039134443], [0.6188380085654971, 0.6298637239921256, 0.6849197937276174, 0.760150080483777, 0.7517958435298436, 0.727280670915704], [0.7124470133550087, 0.62937696698969, 0.699078769171901, 0.8264017723604656, 0.8576504835896459, 0.8269100658444228], [0.7938110307607158, 0.7012980039790939, 0.791076876880555, 0.9062522541021945, 0.9330845295176632, 0.9316798903842007], [0.7893282115606169, 0.6616775550590988, 0.8041638288558077, 0.8983222609878456, 0.9999999989627988, 0.8987148372277052], [0.783230222228183, 0.6815562721238653, 0.6713046915608796, 0.7836910190101724, 0.896334485503575, 0.8254577503601332]]], "metrics": {"via": 0.9486363564393713, "travel": 0.001495308433084372, "alive": 1.0, "conc": 1.0, "mass": 3162.022536312206, "mass_cv": 0.017752022384312557, "support": 0.032063802083333336, "mobile": 0.0, "health": 0.9327767576473676}}