{
  "topo_naive": 0.24684684684678332,
  "topo_pressured": 0.7902187902185868,
  "heldout_naive": 0.0,
  "heldout_pressured": 0.3333333333333333
}