{
  "params": {
    "R": 8.0,
    "mu_k": 0.5,
    "sigma_k": 0.15,
    "mu_g": 0.12,
    "sigma_g": 0.024,
    "dt": 0.1
  },
  "N": 50,
  "tail_mass_cv": 0.0007820917216389361,
  "final_mass_seeds": [
    22125.733709606906,
    22264.058919663337,
    22154.807056526013
  ]
}