{
  "gammas": [
    0,
    2,
    4,
    6,
    9,
    12,
    16
  ],
  "mean_lifetime_by_gain": {
    "4.0": 750.0,
    "9.0": 597.75,
    "6.0": 750.0,
    "16.0": 594.9166666666666,
    "12.0": 606.9166666666666,
    "0.0": 337.6666666666667,
    "2.0": 643.0
  },
  "optimum_gain": 4.0,
  "spawn": 50,
  "size": 170,
  "T": 750,
  "seeds": 12
}