{
  "spatial_final": 0.37277777777777776,
  "well_mixed_final": 0.0,
  "clustering": 2.2268074048901454,
  "b": 1.62
}